Thread,cpu,memory
4,8943.499999999998,30122.749999999996
8,10230.333333333334,30123.583333333332
16,10658.166666666666,30130.166666666664
25,10163.666666666666,30136.416666666664
50,9743.833333333332,30149.333333333336
75,9924.333333333334,30138.333333333336
100,10197.5,30061.083333333336
125,10217.249999999998,30131.999999999996
150,10511.583333333334,30159.5
175,10741.333333333334,30146.5
200,10770.25,30126.5
