Thread,cpu,memory
4,9322.583333333334,30102.000000000004
8,11054.666666666666,30101.75
16,12999.0,30119.833333333336
25,13815.083333333334,30128.416666666664
50,12835.916666666666,30131.749999999996
75,12818.916666666668,30122.666666666668
100,13233.833333333336,30154.333333333332
125,13260.333333333332,30105.750000000004
150,13614.416666666666,30167.416666666664
175,13578.499999999998,30144.25
200,13679.916666666666,30134.416666666668
