Thread,cpu,memory
4,9985.666666666666,30213.499999999996
25,15733.75,30126.083333333332
50,16206.41666666667,30151.25
100,16638.583333333332,30090.25
200,17311.749999999996,30157.666666666668
