Thread,cpu,memory
4,9140.916666666668,30234.333333333336
25,10626.916666666668,30175.666666666664
50,9577.083333333334,30142.416666666668
100,10156.500000000002,30166.25
200,10836.166666666666,30181.749999999996
