Thread,cpu,memory
4,4854.0,30086.500000000004
8,10584.249999999998,30126.416666666668
16,12852.666666666666,30123.75
25,13878.666666666666,30123.666666666668
50,12894.333333333332,30111.25
75,13547.166666666664,30134.083333333332
100,13345.25,30117.416666666664
125,13574.833333333334,30111.833333333332
150,13849.833333333334,30135.416666666668
175,13721.916666666666,30122.583333333332
200,13941.083333333332,29957.833333333336
