Thread,cpu,memory
4,7716.666666666667,30120.75
8,9635.833333333334,30131.083333333336
16,10316.0,30145.75
25,9884.750000000002,30147.666666666668
50,9902.25,30096.083333333332
75,4732.416666666667,30120.75
100,10394.166666666666,30121.666666666664
125,10524.25,30127.916666666664
150,10593.333333333334,30116.0
175,10869.583333333334,30133.583333333332
200,10989.750000000002,30141.166666666664
