Thread,cpu,memory
4,9713.416666666666,30103.083333333332
8,11220.5,30095.0
16,12724.416666666668,30093.666666666668
25,12968.58333333333,30115.166666666668
50,11524.916666666666,30116.25
75,11776.583333333334,30140.5
100,11910.0,30100.25
125,12172.666666666666,30119.083333333332
150,12263.916666666666,30119.75
175,12430.5,30129.000000000004
200,12552.833333333334,30148.916666666664
