Thread,cpu,memory
4,9044.749999999998,30113.0
8,10505.75,30149.083333333332
16,11091.416666666666,30131.416666666668
25,10235.083333333334,30143.583333333332
50,9444.666666666666,30110.083333333332
75,9664.333333333332,30056.750000000004
100,9933.5,30146.333333333332
125,10055.416666666668,30098.583333333332
150,10143.249999999998,30116.916666666668
175,10417.333333333332,30096.833333333336
200,10514.333333333334,30142.250000000004
