Thread,cpu,memory
200,10535.583333333332,30171.249999999996
25,10253.916666666668,30101.0
4,9189.333333333334,30171.916666666664
100,9969.583333333334,30154.333333333336
50,9574.083333333332,30124.666666666664
