Thread,cpu,memory
100,13883.166666666668,30187.916666666668
50,13221.583333333334,30171.0
200,14552.5,30214.5
25,14495.333333333332,30134.749999999996
4,9980.083333333334,30155.583333333332
