Thread,cpu,memory
4,9095.083333333334,30146.25
8,10480.666666666666,30163.166666666664
12,11091.666666666666,30178.75
