Thread,cpu,memory
4,9792.166666666668,30102.666666666668
8,11818.083333333334,30110.166666666664
12,13207.416666666666,30134.333333333332
