Thread,cpu,memory
4,9070.0,30117.416666666664
8,10390.333333333334,30099.333333333332
