Thread,cpu,memory
4,9041.5,30067.333333333336
8,10718.0,30101.666666666664
16,13116.916666666666,30103.416666666668
25,13847.083333333334,30127.833333333332
50,13136.833333333332,30126.833333333336
75,12954.999999999998,30121.833333333332
100,13221.333333333334,30129.833333333332
125,13385.083333333332,30124.333333333336
150,13478.583333333334,30103.333333333332
175,13569.416666666666,30147.083333333336
200,13804.666666666666,30152.333333333336
