Thread,cpu,memory
4,8917.0,30162.250000000004
8,10416.666666666666,30151.833333333336
16,10995.833333333334,30159.083333333332
25,10324.583333333336,30171.5
50,9850.916666666666,30121.333333333332
75,9997.916666666666,30093.333333333332
100,10277.583333333334,30130.333333333332
125,10403.0,30127.916666666664
150,10415.416666666666,30075.583333333332
175,10557.499999999998,30145.666666666668
200,10844.75,30148.25
