Thread,cpu,memory
4,5329.25,30108.833333333336
25,19170.000000000004,30137.75
50,20755.5,30141.916666666668
100,22648.0,30160.75
200,24263.583333333332,30203.416666666668
