Thread,cpu,memory
4,8189.0,30159.333333333336
25,9828.166666666666,30070.333333333332
50,10090.75,30080.25
100,10521.0,30170.749999999996
200,10761.833333333334,30195.5
