Thread,cpu,memory
4,3968.3333333333335,30145.333333333332
