,Thread,cpu,memory
0,4,3286.833333333333,30183.666666666664
