,Thread,cpu,memory
0,4,2981.9999999999995,30174.166666666664
