Thread,cpu,memory
4,9288.083333333334,30216.33333333333
25,10610.666666666668,30160.666666666668
50,9410.916666666666,30183.916666666668
100,9954.583333333334,30176.666666666668
200,10404.666666666666,30170.583333333336
