Thread,cpu,memory
4,10037.166666666668,30138.5
25,14341.333333333334,30154.416666666668
50,13378.416666666668,30190.833333333332
100,13960.5,30133.416666666668
200,14611.833333333334,30196.416666666668
