Thread,cpu,memory
4,9495.833333333334,30074.25
25,13488.249999999998,30093.333333333336
50,12941.416666666666,30131.583333333332
100,13171.416666666666,30142.91666666666
200,13573.0,30135.5
