Thread,cpu,memory
4,8982.0,30169.833333333332
25,10565.25,30106.166666666668
50,9657.75,30039.75
100,10015.0,30077.75
200,10661.666666666666,30011.166666666664
