Thread,cpu,memory
4,5453.083333333333,30175.916666666664
25,18700.25,30105.583333333332
50,20903.58333333333,30094.5
100,22805.916666666664,30157.75
200,23784.166666666664,30173.916666666668
