Thread,cpu,memory
4,8481.833333333332,30250.833333333336
25,10279.833333333332,30170.916666666668
50,9939.083333333332,30145.166666666668
100,10234.916666666666,30177.75
200,10921.166666666668,30185.416666666668
