Thread,cpu,memory
4,4916.749999999999,30096.416666666668
8,10913.25,30124.0
16,13206.750000000002,30140.250000000004
25,13961.666666666668,30126.583333333332
50,13820.166666666668,30131.583333333332
75,14413.75,30116.083333333332
100,14553.083333333334,30154.916666666668
125,14511.249999999998,30139.0
150,14942.083333333334,30146.75
175,15190.5,30134.916666666668
200,15280.750000000002,30119.5
