Thread,cpu,memory
4,9641.250000000002,30079.916666666668
8,11731.416666666666,30130.833333333336
16,13609.833333333334,30133.916666666668
25,14282.416666666666,30137.416666666668
50,13417.916666666666,30142.499999999996
75,13689.833333333332,30139.0
100,13922.916666666666,30159.166666666664
125,14163.0,30170.75
150,14405.333333333336,30194.083333333332
175,14316.25,30216.583333333332
200,14457.25,30221.0
