Thread,cpu,memory
4,8757.75,30124.083333333336
8,10402.083333333332,30167.91666666667
16,10904.833333333334,30167.000000000004
25,10598.75,30144.666666666668
50,9603.916666666666,30146.666666666668
75,9565.666666666666,30110.833333333336
100,9960.666666666668,30097.75
125,10146.916666666666,30185.416666666664
150,10133.666666666666,30185.749999999996
175,10505.5,30201.916666666668
200,10539.75,30233.249999999996
