Thread,cpu,memory
4,5436.916666666667,30165.5
8,12801.75,30162.5
16,16620.25,30141.916666666668
25,18706.25,30059.250000000004
50,20443.833333333332,30087.333333333332
75,21605.583333333336,30128.333333333332
100,22503.0,30186.916666666668
125,23063.916666666664,30129.33333333334
150,23404.666666666668,30195.916666666664
175,23752.0,30224.249999999996
200,23681.999999999996,30173.16666666667
