Thread,cpu,memory
4,7765.916666666666,30216.333333333332
8,9537.583333333334,30170.500000000004
16,10164.833333333332,30197.0
25,9800.833333333334,30033.25
50,9941.333333333332,30094.666666666668
75,10161.916666666666,30120.583333333332
100,10372.166666666666,30172.75
125,10393.583333333334,30150.499999999996
150,10803.083333333334,30203.5
175,10992.083333333332,30183.833333333332
200,10667.75,30216.416666666668
