Thread,cpu,memory
4,9023.25,30147.5
8,10288.5,30149.0
16,10745.0,30094.916666666668
25,10375.416666666668,30152.166666666664
50,9999.583333333334,30127.0
75,10051.083333333332,30118.5
100,10188.666666666668,30169.333333333332
125,10186.833333333334,30136.666666666664
150,10428.583333333334,30129.166666666668
175,10582.333333333334,30121.416666666668
200,10627.666666666668,30147.5
