Thread,cpu,memory
4,9349.833333333334,30109.083333333336
8,11137.833333333332,30100.083333333336
16,12769.75,30123.833333333336
25,13535.75,30147.750000000004
50,13128.916666666666,30152.75
75,13311.083333333334,30160.416666666664
100,13331.416666666668,30131.0
125,13446.250000000002,30121.5
150,13262.25,30088.083333333332
175,13476.416666666666,30107.75
200,13642.166666666666,30154.333333333332
