Thread,cpu,memory
4,8036.750000000001,30146.916666666664
8,9685.583333333332,30154.833333333332
16,10240.5,30146.416666666664
25,9692.333333333334,30161.333333333336
50,9895.25,30093.25
75,10398.75,30132.916666666668
100,10446.416666666668,30128.833333333332
125,10440.583333333334,30142.666666666668
150,10859.916666666666,30177.083333333332
175,10797.583333333332,30037.333333333332
200,11137.25,30139.833333333336
