Thread,cpu,memory
4,9109.0,30165.916666666664
8,10609.666666666666,30156.416666666668
16,10840.5,30180.333333333336
25,10537.75,30142.75
50,9446.0,30130.583333333336
75,9571.25,30132.25
100,9979.25,30132.083333333332
125,10199.416666666666,30108.75
150,10305.083333333332,30133.166666666668
175,10425.583333333332,30149.583333333332
200,10505.166666666668,30162.333333333336
