Thread,cpu,memory
4,9454.083333333334,30116.666666666668
8,11116.166666666666,30119.916666666664
16,12679.750000000002,30125.166666666664
25,12950.666666666668,30128.250000000004
50,11694.75,30130.166666666664
75,11626.75,30149.666666666668
100,11902.416666666666,30159.583333333332
125,12184.083333333334,30098.583333333332
150,12345.083333333334,30135.166666666668
175,12512.500000000002,30150.666666666664
200,12592.833333333332,30077.500000000004
