Thread,cpu,memory
4,9249.416666666666,30231.416666666664
25,10246.416666666666,30129.916666666664
50,9308.416666666666,30126.666666666664
100,9812.916666666666,30076.083333333332
200,10319.25,30149.333333333332
