Thread,cpu,memory
4,9418.5,30128.333333333336
25,12971.666666666666,30116.833333333332
50,11544.416666666666,30113.666666666668
100,12008.916666666666,30066.666666666664
200,12531.25,30147.333333333332
