Thread,cpu,memory
4,9313.583333333334,30147.91666666667
8,12382.0,30123.749999999996
16,14923.666666666664,30136.0
25,15933.333333333334,30090.16666666667
50,16377.666666666666,30119.25
75,15982.916666666666,30193.916666666664
100,16423.666666666668,30179.58333333333
125,16628.916666666664,30182.333333333336
150,16805.75,30184.666666666668
175,17098.583333333332,30182.499999999996
200,17211.5,30202.250000000004
