Thread,cpu,memory
4,8507.583333333334,30215.750000000004
8,10054.833333333332,30120.833333333332
16,10851.999999999998,30120.750000000004
25,10491.333333333332,30188.916666666664
50,9986.583333333332,30179.333333333336
75,9882.916666666666,30168.916666666664
100,10180.333333333334,30198.583333333336
125,10516.583333333334,30208.75
150,10410.666666666666,30199.416666666668
175,10584.916666666666,30189.583333333332
200,10745.666666666666,30185.916666666664
