Thread,cpu,memory
4,7895.5,30145.833333333332
8,9832.166666666668,30112.333333333336
16,10278.666666666666,30131.166666666668
25,10017.454545454546,30138.454545454548
50,9951.25,30124.250000000004
75,10162.333333333334,30110.583333333336
100,10264.583333333334,30151.083333333336
125,10495.416666666668,30140.999999999996
150,10768.583333333332,30080.583333333332
175,10755.166666666666,30069.5
200,10973.166666666666,30144.833333333332
