Thread,cpu,memory
4,4874.166666666667,30119.75
8,10642.583333333334,30072.999999999996
16,12955.166666666666,30109.416666666668
25,13872.636363636362,30082.18181818182
50,14037.083333333334,30130.749999999996
75,14350.416666666666,30129.833333333336
100,14325.416666666666,30054.166666666664
125,14772.000000000002,30162.333333333336
150,15099.833333333334,30140.5
175,15084.416666666666,30141.416666666668
200,15213.666666666666,30145.333333333332
