Thread,cpu,memory
4,4849.75,30106.333333333332
25,14241.25,30080.583333333336
50,14029.666666666666,30100.916666666668
100,14486.250000000002,30098.833333333332
200,14970.333333333332,30123.083333333332
