Thread,cpu,memory
4,7583.333333333333,30043.333333333336
25,9710.75,30125.583333333332
50,10106.416666666668,30102.416666666668
100,10303.583333333334,30099.416666666664
200,11010.166666666666,30116.25
