Thread,cpu,memory
4,9415.666666666668,30042.166666666668
8,11003.0,30090.333333333332
16,12455.666666666668,30086.000000000004
25,12682.916666666668,30070.666666666668
50,11494.25,30136.666666666668
75,11747.666666666666,30051.583333333336
100,12023.0,30130.833333333336
125,11949.583333333334,30106.833333333332
150,12405.083333333334,30166.666666666668
175,12420.083333333332,30121.333333333332
200,12568.166666666666,30147.916666666668
