Thread,cpu,memory
4,8934.833333333332,30105.666666666668
8,10254.5,30057.666666666664
16,11066.5,30132.333333333332
25,10504.75,30136.583333333336
50,9486.0,30132.5
75,9663.083333333334,30143.0
100,9998.666666666668,30083.833333333336
125,10122.916666666666,30145.833333333336
150,10306.083333333334,30142.333333333336
175,10399.666666666666,30114.833333333336
200,10414.333333333334,30121.5
